{
    "ks_statistic": 0.017360000000000042,
    "p_value": 0.001056242104280806,
    "drift_detected": true
}