{
  "accuracy": 0.8505,
  "precision": 0.8406004662004661,
  "recall": 0.8505,
  "f1_score": 0.8447430637332032,
  "confusion_matrix": [
    [
      305,
      43,
      20
    ],
    [
      54,
      80,
      94
    ],
    [
      31,
      57,
      1316
    ]
  ]
}